1.0099419067;0.9896672344;
1.0197774514;0.9782591686;
1.0294960695;0.9658018729;
1.0390874676;0.9523258694;
1.0485416667;0.9378659240;
1.0578490427;0.9224607986;
1.0670003648;0.9061529659;
1.0759868306;0.8889882905;
1.0848000984;0.8710156811;
1.0934323160;0.8522867191;
1.1018761453;0.8328552673;
1.1101247842;0.8127770656;
1.1181719830;0.7921093182;
1.1260120586;0.7709102784;
1.1336399030;0.7492388357;
1.1410509888;0.7271541110;
1.1482413706;0.7047150639;
1.1552076825;0.6819801170;
1.1619471320;0.6590068016;
1.1684574909;0.6358514263;
1.1747370821;0.6125687735;
1.1807847648;0.5892118248;
1.1865999159;0.5658315171;
1.1921824096;0.5424765300;
1.1975325955;0.5191931062;
1.2026512738;0.4960249036;
1.2075396701;0.4730128794;
1.2121994088;0.4501952040;
1.2166324859;0.4276072056;
1.2208412403;0.4052813411;
1.2248283268;0.3832471935;
1.2285966870;0.3615314930;
1.2321495218;0.3401581592;
1.2354902637;0.3191483619;
1.2386225501;0.2985205999;
1.2415501972;0.2782907925;
1.2442771746;0.2584723842;
1.2468075812;0.2390764588;
1.2491456222;0.2201118607;
1.2512955874;0.2015853226;
1.2532618301;0.1835015966;
1.2550487481;0.1658635877;
1.2566607658;0.1486724872;
1.2581023171;0.1319279066;
1.2593778302;0.1156280085;
1.2604917134;0.0997696355;
1.2614483425;0.0843484342;
1.2622520485;0.0693589761;
1.2629071076;0.0547948723;
1.2634177318;0.0406488836;
1.2637880604;0.0269130236;
1.2640221530;0.0135786577;
1.2641239827;0.0006365934;
1.2640974312;-0.0119228329;
1.2639462838;-0.0241096778;
1.2636742260;-0.0359343167;
1.2632848400;-0.0474073775;
1.2627816023;-0.0585396784;
1.2621678821;-0.0693421724;
1.2614469399;-0.0798258970;
1.2606219266;-0.0900019280;
1.2596958831;-0.0998813397;
1.2586717405;-0.1094751683;
1.2575523205;-0.1187943802;
1.2563403361;-0.1278498438;
1.2550383923;-0.1366523060;
1.2536489876;-0.1452123707;
1.2521745155;-0.1535404816;
1.2506172657;-0.1616469073;
1.2489794263;-0.1695417293;
1.2472630853;-0.1772348324;
1.2454702326;-0.1847358972;
1.2436027622;-0.1920543946;
1.2416624741;-0.1991995823;
1.2396510765;-0.2061805029;
1.2375701878;-0.2130059829;
1.2354213390;-0.2196846341;
1.2332059754;-0.2262248549;
1.2309254590;-0.2326348336;
1.2285810705;-0.2389225522;
1.2261740115;-0.2450957908;
1.2237054061;-0.2511621335;
1.2211763032;-0.2571289736;
1.2185876780;-0.2630035207;
1.2159404343;-0.2687928074;
1.2132354058;-0.2745036968;
1.2104733580;-0.2801428900;
1.2076549897;-0.2857169340;
1.2047809345;-0.2912322303;
1.2018517623;-0.2966950430;
1.1988679805;-0.3021115078;
1.1958300354;-0.3074876401;
1.1927383133;-0.3128293448;
1.1895931417;-0.3181424247;
1.1863947900;-0.3234325897;
1.1831434706;-0.3287054664;
1.1798393398;-0.3339666071;
1.1764824982;-0.3392214993;
1.1730729918;-0.3444755751;
1.1696108118;-0.3497342213;
1.1660958958;-0.3550027882;
1.1625281275;-0.3602866005;
1.1589073374;-0.3655909662;
1.1552333026;-0.3709211876;
1.1515057470;-0.3762825707;
1.1477243412;-0.3816804361;
1.1438887020;-0.3871201298;
1.1399983928;-0.3926070332;
1.1360529224;-0.3981465750;
1.1320517453;-0.4037442420;
1.1279942602;-0.4094055911;
1.1238798101;-0.4151362610;
1.1197076806;-0.4209419846;
1.1154770998;-0.4268286018;
1.1111872364;-0.4328020728;
1.1068371989;-0.4388684917;
1.1024260339;-0.4450341006;
1.0979527250;-0.4513053050;
1.0934161905;-0.4576886886;
1.0888152821;-0.4641910302;
1.0841487825;-0.4708193203;
1.0794154035;-0.4775807792;
1.0746137833;-0.4844828757;
1.0697424842;-0.4915333469;
1.0647999897;-0.4987402193;
1.0597847015;-0.5061118308;
1.0546949364;-0.5136568542;
1.0495289225;-0.5213843216;
1.0442847961;-0.5293036517;
1.0389605970;-0.5374246769;
1.0335542648;-0.5457576736;
1.0280636339;-0.5543133938;
1.0224864289;-0.5631030991;
1.0168202592;-0.5721385970;
1.0110626133;-0.5814322794;
1.0052108527;-0.5909971642;
0.9992622058;-0.6008469394;
0.9932137606;-0.6109960111;
0.9870624573;-0.6214595542;
0.9808050807;-0.6322535671;
0.9744382511;-0.6433949310;
0.9679584158;-0.6549014731;
0.9613618388;-0.6667920345;
0.9546445907;-0.6790865442;
0.9478025370;-0.6918060978;
0.9408313266;-0.7049730432;
0.9337263781;-0.7186110729;
0.9264828667;-0.7327453234;
0.9190957083;-0.7474024828;
0.9115595445;-0.7626109077;
0.9038687241;-0.7784007486;
0.8960172855;-0.7948040866;
0.8879989361;-0.8118550812;
0.8798070310;-0.8295901301;
0.8714345493;-0.8480480432;
0.8628740699;-0.8672702305;
0.8541177435;-0.8873009065;
0.8451572642;-0.9081873120;
0.8359838375;-0.9299799544;
0.8265881469;-0.9527328695;
0.8169603168;-0.9765039050;
0.8070898726;-1.0013550284;
0.7969656987;-1.0273526623;
0.7865759913;-1.0545680469;
0.7759082086;-1.0830776350;
0.7649490167;-1.1129635193;
0.7536842306;-1.1443138964;
0.7420987510;-1.1772235693;
0.7301764952;-1.2117944913;
0.7179003231;-1.2481363537;
0.7052519566;-1.2863672197;
0.6922118927;-1.3266142078;
0.6787593093;-1.3690142250;
0.6648719636;-1.4137147522;
0.6505260830;-1.4608746820;
0.6356962464;-1.5106652080;
0.6203552574;-1.5632707630;
0.6044740078;-1.6188900022;
0.5880213310;-1.6777368229;
0.5709638461;-1.7400414096;
0.5532657910;-1.8060512875;
0.5348888461;-1.8760323619;
0.5157919487;-1.9502699103;
0.4959310974;-2.0290694853;
0.4752591511;-2.1127576707;
0.4537256211;-2.2016826170;
0.4312764614;-2.2962142587;
0.4078538619;-2.3967440896;
0.3833960477;-2.5036843375;
0.3578370946;-2.6174663372;
0.3311067693;-2.7385378511;
0.3031304080;-2.8673590257;
0.2738288485;-3.0043965995;
0.2431184390;-3.1501158992;
0.2109111466;-3.3049700649;
0.1771148004;-3.4693858536;
0.1416335065;-3.6437452650;
0.1043682823;-3.8283621531;
0.0652179651;-4.0234529221;
0.0240804578;-4.2291003997;
-0.0191456174;-4.4452100600;
-0.0645587831;-4.6714579829;
-0.1122520113;-4.9072303528;
-0.1623093989;-5.1515549737;
-0.2148021597;-5.4030263007;
-0.2697839068;-5.6597269079;
-0.3272852471;-5.9191501573;
-0.3873077740;-6.1781310508;
-0.4498176330;-6.4327946668;
-0.5147389415;-6.6785338565;
-0.5819474576;-6.9100294910;
-0.6512650070;-7.1213267880;
-0.7224552633;-7.3059793641;
-0.7952215117;-7.4572680193;
-0.8692069847;-7.5684936677;
-0.9439982283;-7.6333337837;
-1.0191317282;-7.6462405906;
-1.0941037395;-7.6028490491;
-1.1683829471;-7.5003558012;
-1.2414253113;-7.3378284133;
-1.3126902590;-7.1164082492;
-1.3816573057;-6.8393794460;
-1.4478422145;-6.5120891595;
-1.5108118864;-6.1417186002;
-1.5701972844;-5.7369189031;
-1.6257037819;-5.3073395599;
-1.6771184066;-4.8630890625;
-1.7243135421;-4.4141761659;
-1.7672468061;-3.9699838253;
-1.8059570621;-3.5388245494;
-1.8405568407;-3.1276150337;
-1.8712217874;-2.7416909286;
-1.8981780421;-2.3847628723;
-1.9216886220;-2.0589967795;
-1.9420398897;-1.7651884776;
-1.9595290388;-1.5029969765;
-1.9744532840;-1.2712016702;
-1.9871011462;-1.0679547649;
-1.9977459457;-0.8910087055;
-2.0066413935;-0.7379070779;
-2.0140190233;-0.6061348608;
-2.0200871301;-0.4932292709;
-2.0250308617;-0.3968557367;
-2.0290131352;-0.3148550858;
-2.0321760943;-0.2452683242;
-2.0346428788;-0.1863449065;
-2.0365195330;-0.1365395191;
-2.0378969266;-0.0945014038;
-2.0388526063;-0.0590592860;
-2.0394525229;-0.0292041414;
-2.0397526079;-0.0040713491;
-2.0398001851;0.0170767465;
-2.0396352200;0.0348672384;
-2.0392914121;0.0498316777;
-2.0387971414;0.0624195629;
-2.0381762853;0.0730102758;
-2.0374489168;0.0819235219;
-2.0366319003;0.0894283829;
-2.0357393986;0.0957511091;
-2.0347833012;0.1010817903;
-2.0337735871;0.1055800405;
-2.0327186306;0.1093798234;
-2.0316254585;0.1125935391;
-2.0304999674;0.1153154741;
-2.0293471050;0.1176247101;
-2.0281710236;0.1195875724;
-2.0269752080;0.1212596873;
-2.0257625833;0.1226877109;
-2.0245356051;0.1239107790;
-2.0232963352;0.1249617243;
-2.0220465049;0.1258680952;
-2.0207875685;0.1266530115;
-2.0195207475;0.1273358798;
-2.0182470682;0.1279329938;
-2.0169673930;0.1284580373;
-2.0156824466;0.1289225045;
-2.0143928380;0.1293360538;
-2.0130990792;0.1297068025;
-2.0118016004;0.1300415753;
-2.0105007634;0.1303461116;
-2.0091968719;0.1306252392;
-2.0078901814;0.1308830212;
-2.0065809063;0.1311228772;
-2.0052692269;0.1313476871;
-2.0039552943;0.1315598763;
-2.0026392353;0.1317614887;
-2.0013211562;0.1319542471;
-2.0000011458;0.1321396039;
-1.9986792787;0.1323187845;
-1.9973556167;0.1324928229;
-1.9960302116;0.1326625917;
-1.9947031061;0.1328288282;
-1.9933743359;0.1329921551;
-1.9920439301;0.1331530989;
-1.9907119126;0.1333121045;
-1.9893783029;0.1334695488;
-1.9880431167;0.1336257506;
-1.9867063665;0.1337809800;
-1.9853680620;0.1339354659;
-1.9840282106;0.1340894026;
-1.9826868180;0.1342429549;
-1.9813438879;0.1343962629;
-1.9799994229;0.1345494456;
-1.9786534241;0.1347026045;
-1.9773058918;0.1348558261;
-1.9759568255;0.1350091841;
-1.9746062236;0.1351627415;
-1.9732540843;0.1353165524;
-1.9719004051;0.1354706631;
-1.9705451828;0.1356251135;
-1.9691884140;0.1357799379;
-1.9678300952;0.1359351661;
-1.9664702221;0.1360908237;
-1.9651087905;0.1362469332;
-1.9637457959;0.1364035141;
-1.9623812335;0.1365605838;
-1.9610150985;0.1367181574;
-1.9596473858;0.1368762482;
-1.9582780902;0.1370348684;
-1.9569072063;0.1371940287;
-1.9555347289;0.1373537388;
-1.9541606523;0.1375140076;
-1.9527849711;0.1376748432;
-1.9514076794;0.1378362530;
-1.9500287716;0.1379982441;
-1.9486482418;0.1381608229;
-1.9472660841;0.1383239956;
-1.9458822926;0.1384877679;
-1.9444968612;0.1386521455;
-1.9431097840;0.1388171336;
-1.9417210548;0.1389827375;
-1.9403306673;0.1391489621;
-1.9389386155;0.1393158124;
-1.9375448930;0.1394832931;
-1.9361494935;0.1396514089;
-1.9347524106;0.1398201645;
-1.9333536379;0.1399895645;
-1.9319531690;0.1401596135;
-1.9305509974;0.1403303160;
-1.9291471165;0.1405016765;
-1.9277415197;0.1406736995;
-1.9263342004;0.1408463897;
-1.9249251518;0.1410197515;
-1.9235143673;0.1411937894;
-1.9221018402;0.1413685081;
-1.9206875634;0.1415439121;
-1.9192715303;0.1417200060;
-1.9178537338;0.1418967944;
-1.9164341671;0.1420742820;
-1.9150128230;0.1422524736;
-1.9135896946;0.1424313737;
-1.9121647748;0.1426109871;
-1.9107380563;0.1427913188;
-1.9093095321;0.1429723734;
-1.9078791948;0.1431541558;
-1.9064470371;0.1433366710;
-1.9050130518;0.1435199240;
-1.9035772314;0.1437039196;
-1.9021395685;0.1438886630;
-1.9007000555;0.1440741592;
-1.8992586850;0.1442604134;
-1.8978154493;0.1444474307;
-1.8963703408;0.1446352163;
-1.8949233518;0.1448237756;
-1.8934744745;0.1450131139;
-1.8920237011;0.1452032364;
-1.8905710238;0.1453941487;
-1.8891164346;0.1455858562;
-1.8876599256;0.1457783644;
-1.8862014888;0.1459716789;
-1.8847411160;0.1461658053;
-1.8832787991;0.1463607493;
-1.8818145300;0.1465565167;
-1.8803483003;0.1467531133;
-1.8788801018;0.1469505448;
-1.8774099261;0.1471488172;
-1.8759377647;0.1473479364;
-1.8744636092;0.1475479086;
-1.8729874510;0.1477487397;
-1.8715092816;0.1479504359;
-1.8700290921;0.1481530034;
-1.8685468740;0.1483564485;
-1.8670626184;0.1485607775;
-1.8655763164;0.1487659967;
-1.8640879591;0.1489721127;
-1.8625975376;0.1491791319;
-1.8611050427;0.1493870610;
-1.8596104654;0.1495959065;
-1.8581137964;0.1498056753;
-1.8566150265;0.1500163740;
-1.8551141465;0.1502280095;
-1.8536111468;0.1504405888;
-1.8521060180;0.1506541189;
-1.8505987507;0.1508686068;
-1.8490893351;0.1510840596;
-1.8475777616;0.1513004846;
-1.8460640205;0.1515178891;
-1.8445481020;0.1517362804;
-1.8430299961;0.1519556659;
-1.8415096929;0.1521760532;
-1.8399871823;0.1523974499;
-1.8384624543;0.1526198636;
-1.8369354985;0.1528433022;
-1.8354063049;0.1530677733;
-1.8338748629;0.1532932851;
-1.8323411621;0.1535198454;
-1.8308051922;0.1537474623;
-1.8292669423;0.1539761441;
-1.8277264019;0.1542058990;
-1.8261835603;0.1544367353;
-1.8246384065;0.1546686615;
-1.8230909296;0.1549016861;
-1.8215411187;0.1551358178;
-1.8199889626;0.1553710653;
-1.8184344501;0.1556074373;
-1.8168775700;0.1558449428;
-1.8153183109;0.1560835908;
-1.8137566613;0.1563233904;
-1.8121926097;0.1565643509;
-1.8106261444;0.1568064814;
-1.8090572537;0.1570497915;
-1.8074859259;0.1572942907;
-1.8059121488;0.1575399885;
-1.8043359106;0.1577868947;
-1.8027571991;0.1580350192;
-1.8011760022;0.1582843718;
-1.7995923074;0.1585349628;
-1.7980061023;0.1587868021;
-1.7964173745;0.1590399002;
-1.7948261113;0.1592942674;
-1.7932323000;0.1595499143;
-1.7916359278;0.1598068514;
-1.7900369816;0.1600650897;
-1.7884354486;0.1603246399;
-1.7868313154;0.1605855131;
-1.7852245688;0.1608477205;
-1.7836151956;0.1611112733;
-1.7820031820;0.1613761829;
-1.7803885147;0.1616424608;
-1.7787711797;0.1619101188;
-1.7771511634;0.1621791687;
-1.7755284516;0.1624496224;
-1.7739030304;0.1627214920;
-1.7722748855;0.1629947898;
-1.7706440027;0.1632695280;
-1.7690103674;0.1635457194;
-1.7673739651;0.1638233765;
-1.7657347810;0.1641025122;
-1.7640928005;0.1643831395;
-1.7624480084;0.1646652715;
-1.7608003897;0.1649489216;
-1.7591499292;0.1652341031;
-1.7574966114;0.1655208298;
-1.7558404210;0.1658091155;
-1.7541813422;0.1660989741;
-1.7525193594;0.1663904197;
-1.7508544565;0.1666834667;
-1.7491866174;0.1669781296;
-1.7475158261;0.1672744230;
-1.7458420661;0.1675723619;
-1.7441653209;0.1678719612;
-1.7424855739;0.1681732362;
-1.7408028082;0.1684762024;
-1.7391170069;0.1687808752;
-1.7374281528;0.1690872707;
-1.7357362288;0.1693954048;
-1.7340412172;0.1697052937;
-1.7323431006;0.1700169539;
-1.7306418612;0.1703304019;
-1.7289374809;0.1706456548;
-1.7272299417;0.1709627295;
-1.7255192254;0.1712816434;
-1.7238053135;0.1716024140;
-1.7220881872;0.1719250591;
-1.7203678279;0.1722495966;
-1.7186442166;0.1725760448;
-1.7169173340;0.1729044221;
-1.7151871608;0.1732347474;
-1.7134536775;0.1735670394;
-1.7117168643;0.1739013176;
-1.7099767013;0.1742376012;
-1.7082331684;0.1745759102;
-1.7064862452;0.1749162644;
-1.7047359112;0.1752586842;
-1.7029821457;0.1756031901;
-1.7012249278;0.1759498030;
-1.6994642362;0.1762985439;
-1.6977000497;0.1766494344;
-1.6959323467;0.1770024960;
-1.6941611054;0.1773577508;
-1.6923863038;0.1777152211;
-1.6906079196;0.1780749295;
-1.6888259303;0.1784368990;
-1.6870403134;0.1788011528;
-1.6852510458;0.1791677145;
-1.6834581043;0.1795366080;
-1.6816614657;0.1799078577;
-1.6798611062;0.1802814880;
-1.6780570019;0.1806575240;
-1.6762491287;0.1810359910;
-1.6744374622;0.1814169146;
-1.6726219777;0.1818003210;
-1.6708026503;0.1821862365;
-1.6689794549;0.1825746879;
-1.6671523659;0.1829657026;
-1.6653213576;0.1833593079;
-1.6634864040;0.1837555321;
-1.6616474789;0.1841544035;
-1.6598045556;0.1845559510;
-1.6579576072;0.1849602037;
-1.6561066067;0.1853671916;
-1.6542515266;0.1857769447;
-1.6523923391;0.1861894936;
-1.6505290161;0.1866048694;
-1.6486615292;0.1870231037;
-1.6467898498;0.1874442285;
-1.6449139488;0.1878682763;
-1.6430337968;0.1882952802;
-1.6411493643;0.1887252736;
-1.6392606211;0.1891582907;
-1.6373675369;0.1895943660;
-1.6354700811;0.1900335346;
-1.6335682224;0.1904758322;
-1.6316619296;0.1909212950;
-1.6297511708;0.1913699598;
-1.6278359139;0.1918218641;
-1.6259161264;0.1922770457;
-1.6239917752;0.1927355433;
-1.6220628272;0.1931973960;
-1.6201292486;0.1936626438;
-1.6181910053;0.1941313271;
-1.6162480629;0.1946034870;
-1.6143003863;0.1950791653;
-1.6123479404;0.1955584046;
-1.6103906892;0.1960412479;
-1.6084285966;0.1965277393;
-1.6064616260;0.1970179233;
-1.6044897402;0.1975118453;
-1.6025129018;0.1980095515;
-1.6005310727;0.1985110888;
-1.5985442144;0.1990165047;
-1.5965522879;0.1995258480;
-1.5945552538;0.2000391677;
-1.5925530722;0.2005565143;
-1.5905457026;0.2010779386;
-1.5885331040;0.2016034925;
-1.5865152350;0.2021332289;
-1.5844920534;0.2026672015;
-1.5824635169;0.2032054649;
-1.5804295821;0.2037480748;
-1.5783902056;0.2042950877;
-1.5763453429;0.2048465612;
-1.5742949494;0.2054025539;
-1.5722389796;0.2059631255;
-1.5701773874;0.2065283367;
-1.5681101263;0.2070982493;
-1.5660371491;0.2076729262;
-1.5639584077;0.2082524315;
-1.5618738538;0.2088368304;
-1.5597834381;0.2094261893;
-1.5576871108;0.2100205760;
-1.5555848213;0.2106200591;
-1.5534765185;0.2112247091;
-1.5513621503;0.2118345972;
-1.5492416642;0.2124497964;
-1.5471150068;0.2130703808;
-1.5449821239;0.2136964259;
-1.5428429606;0.2143280089;
-1.5406974613;0.2149652081;
-1.5385455694;0.2156081036;
-1.5363872279;0.2162567769;
-1.5342223785;0.2169113111;
-1.5320509623;0.2175717909;
-1.5298729195;0.2182383026;
-1.5276881896;0.2189109343;
-1.5254967110;0.2195897757;
-1.5232984212;0.2202749186;
-1.5210932568;0.2209664561;
-1.5188811537;0.2216644836;
-1.5166620464;0.2223690983;
-1.5144358689;0.2230803992;
-1.5122025537;0.2237984874;
-1.5099620328;0.2245234662;
-1.5077142367;0.2252554408;
-1.5054590951;0.2259945187;
-1.5031965367;0.2267408096;
-1.5009264887;0.2274944254;
-1.4986488776;0.2282554803;
-1.4963636285;0.2290240912;
-1.4940706654;0.2298003771;
-1.4917699111;0.2305844598;
-1.4894612872;0.2313764633;
-1.4871447140;0.2321765148;
-1.4848201106;0.2329847437;
-1.4824873945;0.2338012827;
-1.4801464824;0.2346262669;
-1.4777972891;0.2354598346;
-1.4754397283;0.2363021272;
-1.4730737122;0.2371532892;
-1.4706991515;0.2380134680;
-1.4683159556;0.2388828147;
-1.4659240322;0.2397614835;
-1.4635232874;0.2406496323;
-1.4611136258;0.2415474223;
-1.4586949505;0.2424550186;
-1.4562671626;0.2433725901;
-1.4538301619;0.2443003093;
-1.4513838460;0.2452383530;
-1.4489281112;0.2461869019;
-1.4464628517;0.2471461411;
-1.4439879598;0.2481162599;
-1.4415033260;0.2490974521;
-1.4390088388;0.2500899163;
-1.4365043848;0.2510938556;
-1.4339898483;0.2521094780;
-1.4314651118;0.2531369968;
-1.4289300554;0.2541766300;
-1.4263845572;0.2552286015;
-1.4238284929;0.2562931401;
-1.4212617359;0.2573704809;
-1.4186841572;0.2584608642;
-1.4160956256;0.2595645368;
-1.4134960071;0.2606817515;
-1.4108851653;0.2618127674;
-1.4082629613;0.2629578504;
-1.4056292532;0.2641172731;
-1.4029838967;0.2652913150;
-1.4003267443;0.2664802630;
-1.3976576460;0.2676844114;
-1.3949764485;0.2689040623;
-1.3922829957;0.2701395255;
-1.3895771282;0.2713911193;
-1.3868586833;0.2726591703;
-1.3841274954;0.2739440139;
-1.3813833950;0.2752459945;
-1.3786262094;0.2765654661;
-1.3758557624;0.2779027919;
-1.3730718739;0.2792583456;
-1.3702743602;0.2806325108;
-1.3674630336;0.2820256820;
-1.3646377025;0.2834382647;
-1.3617981712;0.2848706757;
-1.3589442396;0.2863233438;
-1.3560757036;0.2877967098;
-1.3531923543;0.2892912274;
-1.3502939784;0.2908073631;
-1.3473803578;0.2923455973;
-1.3444512697;0.2939064242;
-1.3415064861;0.2954903526;
-1.3385457739;0.2970979063;
-1.3355688948;0.2987296249;
-1.3325756049;0.3003860640;
-1.3295656548;0.3020677961;
-1.3265387893;0.3037754111;
-1.3234947470;0.3055095169;
-1.3204332606;0.3072707401;
-1.3173540564;0.3090597268;
-1.3142568541;0.3108771433;
-1.3111413667;0.3127236767;
-1.3080073002;0.3146000360;
-1.3048543534;0.3165069527;
-1.3016822179;0.3184451818;
-1.2984905772;0.3204155026;
-1.2952791074;0.3224187199;
-1.2920474761;0.3244556648;
-1.2887953427;0.3265271956;
-1.2855223577;0.3286341994;
-1.2822281627;0.3307775928;
-1.2789123901;0.3329583234;
-1.2755746625;0.3351773708;
-1.2722145927;0.3374357481;
-1.2688317832;0.3397345033;
-1.2654258258;0.3420747206;
-1.2619963014;0.3444575224;
-1.2585427795;0.3468840701;
-1.2550648176;0.3493555665;
-1.2515619614;0.3518732573;
-1.2480337436;0.3544384330;
-1.2444796840;0.3570524307;
-1.2408992886;0.3597166365;
-1.2372920496;0.3624324873;
-1.2336574445;0.3652014733;
-1.2299949355;0.3680251403;
-1.2263039693;0.3709050922;
-1.2225839763;0.3738429937;
-1.2188343698;0.3768405733;
-1.2150545457;0.3798996256;
-1.2112438817;0.3830220152;
-1.2074017363;0.3862096794;
-1.2035274485;0.3894646320;
-1.1996203368;0.3927889666;
-1.1956796984;0.3961848608;
-1.1917048082;0.3996545799;
-1.1876949183;0.4032004816;
-1.1836492566;0.4068250202;
-1.1795670260;0.4105307513;
-1.1754474037;0.4143203374;
-1.1712895394;0.4181965526;
-1.1670925547;0.4221622888;
-1.1628555418;0.4262205613;
-1.1585775621;0.4303745156;
-1.1542576451;0.4346274337;
-1.1498947865;0.4389827414;
-1.1454879476;0.4434440161;
-1.1410360527;0.4480149946;
-1.1365379882;0.4526995818;
-1.1319926009;0.4575018597;
-1.1273986956;0.4624260968;
-1.1227550338;0.4674767589;
-1.1180603311;0.4726585197;
-1.1133132558;0.4779762723;
-1.1085124259;0.4834351417;
-1.1036564073;0.4890404979;
-1.0987437109;0.4947979702;
-1.0937727900;0.5007134615;
-1.0887420378;0.5067931651;
-1.0836497839;0.5130435811;
-1.0784942918;0.5194715347;
-1.0732737548;0.5260841958;
-1.0679862931;0.5328890995;
-1.0626299497;0.5398941688;
-1.0572026866;0.5471077375;
-1.0517023802;0.5545385765;
-1.0461268174;0.5621959203;
-1.0404736903;0.5700894969;
-1.0347405913;0.5782295585;
-1.0289250078;0.5866269152;
-1.0230243164;0.5952929712;
-1.0170357767;0.6042397634;
-1.0109565245;0.6134800031;
-1.0047835657;0.6230271203;
-0.9985137679;0.6328953122;
-0.9921438531;0.6430995950;
-0.9856703890;0.6536558593;
-0.9790897799;0.6645809303;
-0.9723982575;0.6758926326;
-0.9655918697;0.6876098602;
-0.9586664705;0.6997526515;
-0.9516177075;0.7123422711;
-0.9444410096;0.7254012974;
-0.9371315729;0.7389537179;
-0.9296843467;0.7530250320;
-0.9220940174;0.7676423623;
-0.9143549920;0.7828345749;
-0.9064613797;0.7986324098;
-0.8984069726;0.8150686229;
-0.8901852248;0.8321781382;
-0.8817892301;0.8499982152;
-0.8732116972;0.8685686281;
-0.8644449241;0.8879318624;
-0.8554807698;0.9081333269;
-0.8463106237;0.9292215846;
-0.8369253730;0.9512486029;
-0.8273153673;0.9742700263;
-0.8174703805;0.9983454717;
-0.8073795689;1.0235388497;
-0.7970314273;1.0499187131;
-0.7864137402;1.0775586363;
-0.7755135295;1.1065376257;
-0.7643169984;1.1369405664;
-0.7528094699;1.1688587053;
-0.7409753204;1.2023901752;
-0.7287979087;1.2376405614;
-0.7162594980;1.2747235139;
-0.7033411722;1.3137614076;
-0.6900227453;1.3548860528;
-0.6762826635;1.3982394568;
-0.6620978992;1.4439746397;
-0.6474438373;1.4922565014;
-0.6322941521;1.5432627411;
-0.6166206749;1.5971848246;
-0.6003932528;1.6542289937;
-0.5835795963;1.7146173083;
-0.5661451174;1.7785887085;
-0.5480527575;1.8464000755;
-0.5292628051;1.9183272656;
-0.5097327046;1.9946660797;
-0.4894168560;2.0757331196;
-0.4682664091;2.1618664658;
-0.4462290528;2.2534260929;
-0.4232488039;2.3507939125;
-0.3992658006;2.4543733034;
-0.3742161060;2.5645879514;
-0.3480315323;2.6818797737;
-0.3206394940;2.8067056476;
-0.2919629076;2.9395325973;
-0.2619201547;3.0808310142;
-0.2304251321;3.2310654004;
-0.1973874177;3.3906820269;
-0.1627125883;3.5600927984;
-0.1263027317;3.7396545224;
-0.0880572043;3.9296426972;
-0.0478736935;4.1302188969;
-0.0056496528;4.3413908567;
0.0387158178;4.5629644978;
0.0853195677;4.7944874357;
0.1342513933;5.0351840473;
0.1855903724;5.2838830109;
0.2394004907;5.5389394509;
0.2957255561;5.7981554602;
0.3545834484;6.0587048347;
0.4159598327;6.3170702276;
0.4798015611;6.5690033746;
0.5460101004;6.8095211082;
0.6144354430;7.0329509565;
0.6848710598;7.2330394337;
0.7570505246;7.4031329552;
0.8306464348;7.5364351573;
0.9052721746;7.6263354009;
0.9804868809;7.6667922956;
1.0558037108;7.6527449722;
1.1307011968;7.5805158536;
1.2046371685;7.4481640163;
1.2770644822;7.2557492653;
1.3474476559;7.0054737897;
1.4152794874;6.7016795229;
1.4800967936;6.3506932091;
1.5414945136;5.9605259193;
1.5991375212;5.5404481138;
1.6527695721;5.1004744498;
1.7022188953;4.6508032539;
1.7474000494;4.2012622021;
1.7883118664;3.7608122021;
1.8250315891;3.3371543272;
1.8577056480;2.9364702479;
1.8865378593;2.5633074720;
1.9117760591;2.2206009411;
1.9336982847;1.9098063973;
1.9525995389;1.6311113344;
1.9687799669;1.3836870715;
1.9825349909;1.1659493632;
1.9941476521;0.9758026351;
2.0038831508;0.8108519121;
2.0119853883;0.6685748108;
2.0186752021;0.5464524752;
2.0241499382;0.4420626815;
2.0285840150;0.3531407151;
2.0321301639;0.2776144738;
2.0349210902;0.2136200867;
2.0370713514;0.1595035979;
2.0386793031;0.1138132874;
2.0398290100;0.0752861865;
2.0405920531;0.0428314366;
2.0410291951;0.0155123680;
2.0411918837;-0.0074714328;
2.0411235888;-0.0268012585;
2.0408609767;-0.0430551492;
2.0404349329;-0.0567222585;
2.0398714443;-0.0682156424;
2.0391923571;-0.0778834983;
2.0384160243;-0.0860189438;
2.0375578558;-0.0928684577;
2.0366307856;-0.0986391208;
2.0356456664;-0.1035047964;
2.0346116032;-0.1076113839;
2.0335362333;-0.1110812705;
2.0324259633;-0.1140170929;
2.0312861670;-0.1165049106;
2.0301213523;-0.1186168764;
2.0289353011;-0.1204134827;
2.0277311865;-0.1219454470;
2.0265116711;-0.1232552953;
2.0252789898;-0.1243786888;
2.0240350183;-0.1253455372;
2.0227813313;-0.1261809301;
2.0215192514;-0.1269059186;
2.0202498889;-0.1275381688;
2.0189741765;-0.1280925102;
2.0176928979;-0.1285813936;
2.0164067112;-0.1290152761;
2.0151161696;-0.1294029422;
2.0138217376;-0.1297517740;
2.0125238057;-0.1300679763;
2.0112227020;-0.1303567665;
2.0099187019;-0.1306225327;
2.0086120370;-0.1308689668;
2.0073029014;-0.1310991759;
2.0059914583;-0.1313157761;
2.0046778443;-0.1315209703;
2.0033621742;-0.1317166146;
2.0020445438;-0.1319042732;
2.0007250334;-0.1320852647;
1.9994037099;-0.1322607015;
1.9980806291;-0.1324315218;
1.9967558375;-0.1325985178;
1.9954293734;-0.1327623582;
1.9941012686;-0.1329236081;
1.9927715489;-0.1330827451;
1.9914402357;-0.1332401730;
1.9901073462;-0.1333962333;
1.9887728939;-0.1335512155;
1.9874368899;-0.1337053645;
1.9860993424;-0.1338588879;
1.9847602578;-0.1340119619;
1.9834196404;-0.1341647361;
1.9820774935;-0.1343173377;
1.9807338186;-0.1344698746;
1.9793886165;-0.1346224390;
1.9780418869;-0.1347751094;
1.9766936287;-0.1349279528;
1.9753438402;-0.1350810266;
1.9739925190;-0.1352343800;
1.9726396625;-0.1353880550;
1.9712852673;-0.1355420881;
1.9699293298;-0.1356965106;
1.9685718463;-0.1358513496;
1.9672128124;-0.1360066288;
1.9658522238;-0.1361623687;
1.9644900759;-0.1363185873;
1.9631263639;-0.1364753005;
1.9617610828;-0.1366325223;
1.9603942274;-0.1367902651;
1.9590257927;-0.1369485403;
1.9576557733;-0.1371073576;
1.9562841636;-0.1372667264;
1.9549109583;-0.1374266550;
1.9535361517;-0.1375871509;
1.9521597380;-0.1377482213;
1.9507817117;-0.1379098727;
1.9494020667;-0.1380721115;
1.9480207973;-0.1382349435;
1.9466378974;-0.1383983743;
1.9452533612;-0.1385624092;
1.9438671825;-0.1387270534;
1.9424793552;-0.1388923120;
1.9410898732;-0.1390581899;
1.9396987303;-0.1392246917;
1.9383059201;-0.1393918223;
1.9369114365;-0.1395595862;
1.9355152731;-0.1397279880;
1.9341174234;-0.1398970322;
1.9327178811;-0.1400667234;
1.9313166396;-0.1402370660;
1.9299136924;-0.1404080646;
1.9285090329;-0.1405797235;
1.9271026546;-0.1407520473;
1.9256945508;-0.1409250405;
1.9242847147;-0.1410987076;
1.9228731396;-0.1412730531;
1.9214598187;-0.1414480815;
1.9200447452;-0.1416237974;
1.9186279121;-0.1418002055;
1.9172093125;-0.1419773103;
1.9157889395;-0.1421551165;
1.9143667860;-0.1423336288;
1.9129428450;-0.1425128519;
1.9115171092;-0.1426927905;
1.9100895716;-0.1428734496;
1.9086602249;-0.1430548339;
1.9072290619;-0.1432369483;
1.9057960752;-0.1434197977;
1.9043612574;-0.1436033871;
1.9029246012;-0.1437877216;
1.9014860991;-0.1439728061;
1.9000457435;-0.1441586458;
1.8986035270;-0.1443452457;
1.8971594417;-0.1445326112;
1.8957134802;-0.1447207475;
1.8942656347;-0.1449096598;
1.8928158973;-0.1450993535;
1.8913642603;-0.1452898339;
1.8899107158;-0.1454811066;
1.8884552558;-0.1456731769;
1.8869978723;-0.1458660506;
1.8855385574;-0.1460597331;
1.8840773028;-0.1462542301;
1.8826141003;-0.1464495473;
1.8811489419;-0.1466456904;
1.8796818192;-0.1468426654;
1.8782127239;-0.1470404780;
1.8767416475;-0.1472391342;
1.8752685816;-0.1474386401;
1.8737935177;-0.1476390015;
1.8723164473;-0.1478402247;
1.8708373616;-0.1480423158;
1.8693562520;-0.1482452810;
1.8678731097;-0.1484491267;
1.8663879259;-0.1486538592;
1.8649006917;-0.1488594848;
1.8634113982;-0.1490660102;
1.8619200362;-0.1492734417;
1.8604265968;-0.1494817861;
1.8589310708;-0.1496910501;
1.8574334489;-0.1499012403;
1.8559337220;-0.1501123636;
1.8544318805;-0.1503244268;
1.8529279152;-0.1505374370;
1.8514218164;-0.1507514011;
1.8499135747;-0.1509663263;
1.8484031804;-0.1511822197;
1.8468906238;-0.1513990886;
1.8453758952;-0.1516169403;
1.8438589846;-0.1518357821;
1.8423398821;-0.1520556217;
1.8408185777;-0.1522764664;
1.8392950614;-0.1524983240;
1.8377693230;-0.1527212021;
1.8362413523;-0.1529451086;
1.8347111389;-0.1531700513;
1.8331786725;-0.1533960382;
1.8316439426;-0.1536230774;
1.8301069386;-0.1538511768;
1.8285676500;-0.1540803449;
1.8270260659;-0.1543105898;
1.8254821756;-0.1545419200;
1.8239359683;-0.1547743440;
1.8223874329;-0.1550078702;
1.8208365583;-0.1552425075;
1.8192833336;-0.1554782646;
1.8177277473;-0.1557151502;
1.8161697883;-0.1559531734;
1.8146094450;-0.1561923433;
1.8130467061;-0.1564326689;
1.8114815599;-0.1566741595;
1.8099139947;-0.1569168245;
1.8083439987;-0.1571606734;
1.8067715601;-0.1574057157;
1.8051966669;-0.1576519610;
1.8036193071;-0.1578994193;
1.8020394684;-0.1581481002;
1.8004571387;-0.1583980139;
1.7988723055;-0.1586491705;
1.7972849564;-0.1589015802;
1.7956950788;-0.1591552533;
1.7941026601;-0.1594102003;
1.7925076874;-0.1596664318;
1.7909101480;-0.1599239584;
1.7893100287;-0.1601827911;
1.7877073165;-0.1604429407;
1.7861019982;-0.1607044184;
1.7844940605;-0.1609672353;
1.7828834900;-0.1612314028;
1.7812702730;-0.1614969324;
1.7796543960;-0.1617638356;
1.7780358451;-0.1620321242;
1.7764146064;-0.1623018101;
1.7747906660;-0.1625729052;
1.7731640098;-0.1628454219;
1.7715346233;-0.1631193722;
1.7699024923;-0.1633947688;
1.7682676023;-0.1636716242;
1.7666299386;-0.1639499512;
1.7649894865;-0.1642297626;
1.7633462311;-0.1645110716;
1.7617001573;-0.1647938913;
1.7600512500;-0.1650782351;
1.7583994939;-0.1653641166;
1.7567448735;-0.1656515496;
1.7550873734;-0.1659405478;
1.7534269778;-0.1662311253;
1.7517636709;-0.1665232963;
1.7500974367;-0.1668170753;
1.7484282590;-0.1671124768;
1.7467561216;-0.1674095156;
1.7450810080;-0.1677082066;
1.7434029018;-0.1680085650;
1.7417217860;-0.1683106060;
1.7400376439;-0.1686143453;
1.7383504585;-0.1689197984;
1.7366602125;-0.1692269814;
1.7349668885;-0.1695359104;
1.7332704691;-0.1698466016;
1.7315709366;-0.1701590716;
1.7298682731;-0.1704733371;
1.7281624606;-0.1707894152;
1.7264534809;-0.1711073230;
1.7247413157;-0.1714270778;
1.7230259465;-0.1717486974;
1.7213073544;-0.1720721996;
1.7195855207;-0.1723976025;
1.7178604262;-0.1727249244;
1.7161320517;-0.1730541840;
1.7144003778;-0.1733854000;
1.7126653848;-0.1737185916;
1.7109270529;-0.1740537780;
1.7091853621;-0.1743909790;
1.7074402921;-0.1747302142;
1.7056918226;-0.1750715039;
1.7039399329;-0.1754148685;
1.7021846022;-0.1757603286;
1.7004258095;-0.1761079052;
1.6986635336;-0.1764576196;
1.6968977529;-0.1768094932;
1.6951284458;-0.1771635480;
1.6933555904;-0.1775198061;
1.6915791647;-0.1778782900;
1.6897991462;-0.1782390223;
1.6880155124;-0.1786020262;
1.6862282405;-0.1789673251;
1.6844373074;-0.1793349428;
1.6826426900;-0.1797049032;
1.6808443646;-0.1800772309;
1.6790423075;-0.1804519506;
1.6772364948;-0.1808290873;
1.6754269020;-0.1812086667;
1.6736135048;-0.1815907145;
1.6717962783;-0.1819752570;
1.6699751975;-0.1823623208;
1.6681502371;-0.1827519328;
1.6663213715;-0.1831441204;
1.6644885749;-0.1835389116;
1.6626518211;-0.1839363343;
1.6608110836;-0.1843364173;
1.6589663358;-0.1847391897;
1.6571175508;-0.1851446808;
1.6552647011;-0.1855529206;
1.6534077592;-0.1859639394;
1.6515466972;-0.1863777682;
1.6496814869;-0.1867944381;
1.6478120997;-0.1872139810;
1.6459385068;-0.1876364292;
1.6440606791;-0.1880618152;
1.6421785870;-0.1884901725;
1.6402922007;-0.1889215348;
1.6384014900;-0.1893559363;
1.6365064244;-0.1897934119;
1.6346069731;-0.1902339969;
1.6327031047;-0.1906777274;
1.6307947878;-0.1911246397;
1.6288819904;-0.1915747709;
1.6269646801;-0.1920281587;
1.6250428243;-0.1924848413;
1.6231163898;-0.1929448576;
1.6211853431;-0.1934082471;
1.6192496505;-0.1938750499;
1.6173092776;-0.1943453068;
1.6153641897;-0.1948190593;
1.6134143517;-0.1952963494;
1.6114597281;-0.1957772199;
1.6095002829;-0.1962617144;
1.6075359797;-0.1967498770;
1.6055667817;-0.1972417529;
1.6035926516;-0.1977373875;
1.6016135516;-0.1982368276;
1.5996294434;-0.1987401202;
1.5976402885;-0.1992473136;
1.5956460475;-0.1997584564;
1.5936466808;-0.2002735985;
1.5916421483;-0.2007927904;
1.5896324093;-0.2013160836;
1.5876174225;-0.2018435302;
1.5855971462;-0.2023751836;
1.5835715382;-0.2029110979;
1.5815405557;-0.2034513281;
1.5795041552;-0.2039959304;
1.5774622929;-0.2045449617;
1.5754149242;-0.2050984801;
1.5733620040;-0.2056565447;
1.5713034868;-0.2062192156;
1.5692393261;-0.2067865540;
1.5671694752;-0.2073586223;
1.5650938863;-0.2079354838;
1.5630125115;-0.2085172032;
1.5609253018;-0.2091038462;
1.5588322078;-0.2096954798;
1.5567331793;-0.2102921722;
1.5546281655;-0.2108939929;
1.5525171148;-0.2115010126;
1.5503999750;-0.2121133034;
1.5482766931;-0.2127309388;
1.5461472153;-0.2133539935;
1.5440114873;-0.2139825439;
1.5418694537;-0.2146166674;
1.5397210585;-0.2152564434;
1.5375662449;-0.2159019525;
1.5354049553;-0.2165532768;
1.5332371312;-0.2172105004;
1.5310627133;-0.2178737085;
1.5288816414;-0.2185429883;
1.5266938545;-0.2192184287;
1.5244992906;-0.2199001203;
1.5222978869;-0.2205881553;
1.5200895796;-0.2212826281;
1.5178743040;-0.2219836348;
1.5156519943;-0.2226912733;
1.5134225839;-0.2234056438;
1.5111860050;-0.2241268482;
1.5089421890;-0.2248549907;
1.5066910660;-0.2255901775;
1.5044325653;-0.2263325172;
1.5021666148;-0.2270821204;
1.4998931415;-0.2278391001;
1.4976120712;-0.2286035717;
1.4953233286;-0.2293756529;
1.4930268371;-0.2301554642;
1.4907225190;-0.2309431282;
1.4884102952;-0.2317387706;
1.4860900854;-0.2325425193;
1.4837618082;-0.2333545053;
1.4814253807;-0.2341748624;
1.4790807186;-0.2350037271;
1.4767277363;-0.2358412392;
1.4743663468;-0.2366875414;
1.4719964617;-0.2375427795;
1.4696179910;-0.2384071027;
1.4672308434;-0.2392806633;
1.4648349258;-0.2401636173;
1.4624301437;-0.2410561241;
1.4600164010;-0.2419583466;
1.4575935999;-0.2428704516;
1.4551616409;-0.2437926096;
1.4527204228;-0.2447249951;
1.4502698427;-0.2456677867;
1.4478097959;-0.2466211670;
1.4453401756;-0.2475853230;
1.4428608735;-0.2485604461;
1.4403717791;-0.2495467322;
1.4378727801;-0.2505443819;
1.4353637619;-0.2515536005;
1.4328446082;-0.2525745985;
1.4303152003;-0.2536075912;
1.4277754174;-0.2546527993;
1.4252251365;-0.2557104489;
1.4226642324;-0.2567807717;
1.4200925772;-0.2578640051;
1.4175100412;-0.2589603923;
1.4149164916;-0.2600701828;
1.4123117936;-0.2611936322;
1.4096958095;-0.2623310028;
1.4070683990;-0.2634825634;
1.4044294193;-0.2646485898;
1.4017787246;-0.2658293647;
1.3991161662;-0.2670251785;
1.3964415927;-0.2682363288;
1.3937548495;-0.2694631214;
1.3910557790;-0.2707058697;
1.3883442203;-0.2719648959;
1.3856200094;-0.2732405305;
1.3828829789;-0.2745331129;
1.3801329580;-0.2758429920;
1.3773697724;-0.2771705257;
1.3745932440;-0.2785160822;
1.3718031911;-0.2798800394;
1.3689994284;-0.2812627859;
1.3661817662;-0.2826647211;
1.3633500111;-0.2840862557;
1.3605039655;-0.2855278118;
1.3576434274;-0.2869898236;
1.3547681906;-0.2884727378;
1.3518780443;-0.2899770138;
1.3489727730;-0.2915031244;
1.3460521563;-0.2930515560;
1.3431159693;-0.2946228096;
1.3401639815;-0.2962174006;
1.3371959576;-0.2978358601;
1.3342116568;-0.2994787347;
1.3312108326;-0.3011465876;
1.3281932330;-0.3028399993;
1.3251586000;-0.3045595676;
1.3221066696;-0.3063059089;
1.3190371717;-0.3080796585;
1.3159498295;-0.3098814717;
1.3128443597;-0.3117120241;
1.3097204722;-0.3135720126;
1.3065778698;-0.3154621563;
1.3034162478;-0.3173831973;
1.3002352945;-0.3193359015;
1.2970346898;-0.3213210597;
1.2938141062;-0.3233394884;
1.2905732074;-0.3253920310;
1.2873116488;-0.3274795588;
1.2840290771;-0.3296029721;
1.2807251296;-0.3317632014;
1.2773994343;-0.3339612087;
1.2740516095;-0.3361979886;
1.2706812632;-0.3384745699;
1.2672879933;-0.3407920169;
1.2638713864;-0.3431514309;
1.2604310186;-0.3455539518;
1.2569664537;-0.3480007596;
1.2534772442;-0.3504930764;
1.2499629297;-0.3530321679;
1.2464230371;-0.3556193456;
1.2428570802;-0.3582559686;
1.2392645586;-0.3609434457;
1.2356449580;-0.3636832378;
1.2319977490;-0.3664768601;
1.2283223868;-0.3693258843;
1.2246183108;-0.3722319417;
1.2208849437;-0.3751967255;
1.2171216911;-0.3782219939;
1.2133279405;-0.3813095730;
1.2095030611;-0.3844613599;
1.2056464026;-0.3876793263;
1.2017572948;-0.3909655216;
1.1978350467;-0.3943220771;
1.1938789454;-0.3977512098;
1.1898882556;-0.4012552264;
1.1858622184;-0.4048365278;
1.1818000507;-0.4084976138;
1.1777009437;-0.4122410878;
1.1735640623;-0.4160696624;
1.1693885436;-0.4199861644;
1.1651734960;-0.4239935410;
1.1609179979;-0.4280948658;
1.1566210962;-0.4322933454;
1.1522818055;-0.4365923262;
1.1478991059;-0.4409953019;
1.1434719420;-0.4455059213;
1.1389992214;-0.4501279964;
1.1344798125;-0.4548655114;
1.1299125434;-0.4597226316;
1.1252961992;-0.4647037140;
1.1206295212;-0.4698133174;
1.1159112035;-0.4750562135;
1.1111398920;-0.4804373991;
1.1063141813;-0.4859621090;
1.1014326126;-0.4916358291;
1.0964936711;-0.4974643109;
1.0914957830;-0.5034535872;
1.0864373131;-0.5096099885;
1.0813165614;-0.5159401601;
1.0761317599;-0.5224510813;
1.0708810692;-0.5291500853;
1.0655625749;-0.5360448803;
1.0601742837;-0.5431435729;
1.0547141193;-0.5504546922;
1.0491799180;-0.5579872161;
1.0435694243;-0.5657505994;
1.0378802856;-0.5737548042;
1.0321100474;-0.5820103317;
1.0262561476;-0.5905282572;
1.0203159101;-0.5993202673;
1.0142865395;-0.6083986997;
1.0081651133;-0.6177765863;
1.0019485757;-0.6274676996;
0.9956337290;-0.6374866018;
0.9892172262;-0.6478486991;
0.9826955622;-0.6585702988;
0.9760650640;-0.6696686716;
0.9693218811;-0.6811621188;
0.9624619749;-0.6930700443;
0.9554811071;-0.7054130329;
0.9483748276;-0.7182129345;
0.9411384614;-0.7314929551;
0.9337670944;-0.7452777557;
0.9262555584;-0.7595935584;
0.9185984153;-0.7744682619;
0.9107899389;-0.7899315667;
0.9028240971;-0.8060151099;
0.8946945312;-0.8227526121;
0.8863945344;-0.8401800366;
0.8779170289;-0.8583357616;
0.8692545403;-0.8772607673;
0.8603991707;-0.8969988392;
0.8513425697;-0.9175967889;
0.8420759031;-0.9391046929;
0.8325898185;-0.9615761534;
0.8228744088;-0.9850685806;
0.8129191728;-1.0096434999;
0.8027129723;-1.0353668849;
0.7922439857;-1.0623095201;
0.7814996578;-1.0905473934;
0.7704666462;-1.1201621235;
0.7591307620;-1.1512414220;
0.7474769071;-1.1838795956;
0.7354890049;-1.2181780881;
0.7231499268;-1.2542460687;
0.7104414110;-1.2922010644;
0.6973439766;-1.3321696438;
0.6838368289;-1.3742881502;
0.6698977586;-1.4187034878;
0.6555030317;-1.4655739605;
0.6406272721;-1.5150701638;
0.6252433342;-1.5673759259;
0.6093221665;-1.6226892950;
0.5928326651;-1.6812235655;
0.5757415174;-1.7432083307;
0.5580130356;-1.8088905473;
0.5396089795;-1.8785355881;
0.5204883703;-1.9524282516;
0.5006072950;-2.0308736877;
0.4799187037;-2.1141981814;
0.4583722008;-2.2027497236;
0.4359138335;-2.2968982726;
0.4124858825;-2.3970355835;
0.3880266589;-2.5035744498;
0.3624703158;-2.6169471583;
0.3357466839;-2.7376029089;
0.3077811445;-2.8660038907;
0.2784945545;-3.0026196331;
0.2478032465;-3.1479191708;
0.2156191273;-3.3023604667;
0.1818499079;-3.4663764420;
0.1463995038;-3.6403568590;
0.1091686515;-3.8246252135;
0.0700557972;-4.0194097309;
0.0289583193;-4.2248075418;
-0.0142258439;-4.4407411873;
-0.0595960851;-4.6669068080;
-0.1072464615;-4.9027137666;
-0.1572623984;-5.1472161203;
-0.2097167051;-5.3990373576;
-0.2646648769;-5.6562912245;
-0.3221396961;-5.9165032988;
-0.3821452180;-6.1765401981;
-0.4446503077;-6.4325557515;
-0.5095820048;-6.6799658050;
-0.5768191071;-6.9134650335;
-0.6461864800;-7.1270995101;
-0.7174506892;-7.3144070433;
-0.7903175921;-7.4686328003;
-0.8644324918;-7.5830202282;
-0.9393833230;-7.6511672348;
-1.0147071238;-7.6674263102;
-1.0898997511;-7.6273168328;
-1.1644284817;-7.5279105506;
-1.2377468615;-7.3681490587;
-1.3093109602;-7.1490557961;
-1.3785961123;-6.8738140925;
-1.4451132362;-6.5476954787;
-1.5084239183;-6.1778369391;
-1.5681535513;-5.7728804707;
-1.6240019123;-5.3425022058;
-1.6757506420;-4.8968705471;
-1.7232671759;-4.4460818784;
-1.7665048321;-3.9996264762;
-1.8054989927;-3.5659343450;
-1.8403596391;-3.1520400827;
-1.8712608435;-2.7633888936;
-1.8984281215;-2.4037858929;
-1.9221247240;-2.0754722554;
-1.9426379644;-1.7792983527;
-1.9602665376;-1.5149577841;
-1.9753095370;-1.2812469634;
-1.9880575768;-1.0763208450;
-1.9987861466;-0.8979239321;
-2.0077510936;-0.7435845744;
-2.0151859755;-0.6107681448;
-2.0213009479;-0.4969902110;
-2.0262828278;-0.3998942305;
-2.0302960008;-0.3172999154;
-2.0334838814;-0.2472287431;
-2.0359706938;-0.1879126158;
-2.0378633972;-0.1377907873;
-2.0392536256;-0.0954991645;
-2.0402195587;-0.0598551116;
-2.0408276677;-0.0298400343;
-2.0411343089;-0.0045813274;
-2.0411871515;0.0166652726;
-2.0410264397;0.0345322906;
-2.0406860965;0.0495557160;
-2.0401946815;0.0621886552;
-2.0395762142;0.0728134082;
-2.0388508804;0.0817520317;
-2.0380356338;0.0892754930;
-2.0371447066;0.0956115493;
-2.0361900426;0.1009514897;
-2.0351816630;0.1054558786;
-2.0341279743;0.1092594301;
-2.0330360280;0.1124751340;
-2.0319117393;0.1151977379;
-2.0307600697;0.1175066822;
-2.0295851816;0.1194685691;
-2.0283905670;0.1211392379;
-2.0271791562;0.1225655064;
-2.0259534081;0.1237866326;
-2.0247153866;0.1248355393;
-2.0234668242;0.1257398417;
-2.0222091756;0.1265227067;
-2.0209436623;0.1272035741;
-2.0196713102;0.1277987596;
-2.0183929811;0.1283219604;
-2.0171093988;0.1287846785;
-2.0158211716;0.1291965748;
-2.0145288105;0.1295657663;
-2.0132327448;0.1298990749;
-2.0119333352;0.1302022356;
-2.0106308849;0.1304800711;
-2.0093256484;0.1307366383;
-2.0080178394;0.1309753508;
-2.0067076374;0.1311990822;
-2.0053951930;0.1314102520;
-2.0040806323;0.1316108981;
-2.0027640611;0.1318027378;
-2.0014455678;0.1319872186;
-2.0001252265;0.1321655610;
-1.9988030987;0.1323387944;
-1.9974792358;0.1325077878;
-1.9961536804;0.1326732745;
-1.9948264676;0.1328358742;
-1.9934976265;0.1329961101;
-1.9921671809;0.1331544249;
-1.9908351499;0.1333111928;
-1.9895015492;0.1334667305;
-1.9881663911;0.1336213063;
-1.9868296853;0.1337751475;
-1.9854914391;0.1339284467;
-1.9841516580;0.1340813675;
-1.9828103457;0.1342340487;
-1.9814675048;0.1343866085;
-1.9801231364;0.1345391474;
-1.9787772407;0.1346917510;
-1.9774298171;0.1348444923;
-1.9760808642;0.1349974337;
-1.9747303800;0.1351506288;
-1.9733783620;0.1353041234;
-1.9720248071;0.1354579568;
-1.9706697121;0.1356121631;
-1.9693130730;0.1357667716;
-1.9679548860;0.1359218078;
-1.9665951467;0.1360772938;
-1.9652338505;0.1362332490;
-1.9638709930;0.1363896904;
-1.9625065690;0.1365466329;
-1.9611405737;0.1367040898;
-1.9597730018;0.1368620731;
-1.9584038481;0.1370205933;
-1.9570331072;0.1371796600;
-1.9556607736;0.1373392820;
-1.9542868418;0.1374994672;
-1.9529113061;0.1376602232;
-1.9515341608;0.1378215566;
-1.9501554002;0.1379834741;
-1.9487750183;0.1381459815;
-1.9473930092;0.1383090847;
-1.9460093670;0.1384727892;
-1.9446240856;0.1386371002;
-1.9432371591;0.1388020228;
-1.9418485811;0.1389675620;
-1.9404583456;0.1391337226;
-1.9390664464;0.1393005094;
-1.9376728771;0.1394679270;
-1.9362776314;0.1396359800;
-1.9348807031;0.1398046730;
-1.9334820855;0.1399740104;
-1.9320817724;0.1401439969;
-1.9306797571;0.1403146368;
-1.9292760332;0.1404859347;
-1.9278705940;0.1406578950;
-1.9264634330;0.1408305223;
-1.9250545433;0.1410038209;
-1.9236439184;0.1411777955;
-1.9222315513;0.1413524506;
-1.9208174354;0.1415277906;
-1.9194015637;0.1417038203;
-1.9179839293;0.1418805442;
-1.9165645252;0.1420579669;
-1.9151433446;0.1422360931;
-1.9137203802;0.1424149276;
-1.9122956250;0.1425944751;
-1.9108690719;0.1427747403;
-1.9094407137;0.1429557281;
-1.9080105431;0.1431374433;
-1.9065785528;0.1433198909;
-1.9051447355;0.1435030757;
-1.9037090838;0.1436870029;
-1.9022715903;0.1438716773;
-1.9008322474;0.1440571041;
-1.8993910477;0.1442432884;
-1.8979479835;0.1444302353;
-1.8965030472;0.1446179502;
-1.8950562311;0.1448064382;
-1.8936075274;0.1449957047;
-1.8921569284;0.1451857549;
-1.8907044262;0.1453765945;
-1.8892500128;0.1455682287;
-1.8877936803;0.1457606632;
-1.8863354207;0.1459539034;
-1.8848752259;0.1461479551;
-1.8834130878;0.1463428238;
-1.8819489982;0.1465385154;
-1.8804829488;0.1467350355;
-1.8790149313;0.1469323902;
-1.8775449374;0.1471305852;
-1.8760729586;0.1473296264;
-1.8745989865;0.1475295201;
-1.8731230125;0.1477302721;
-1.8716450280;0.1479318886;
-1.8701650243;0.1481343759;
-1.8686829927;0.1483377402;
-1.8671989244;0.1485419877;
-1.8657128106;0.1487471250;
-1.8642246424;0.1489531584;
-1.8627344107;0.1491600945;
-1.8612421065;0.1493679397;
-1.8597477206;0.1495767009;
-1.8582512440;0.1497863846;
-1.8567526674;0.1499969977;
-1.8552519813;0.1502085470;
-1.8537491766;0.1504210394;
-1.8522442436;0.1506344819;
-1.8507371729;0.1508488816;
-1.8492279549;0.1510642455;
-1.8477165799;0.1512805810;
-1.8462030381;0.1514978953;
-1.8446873199;0.1517161957;
-1.8431694151;0.1519354897;
-1.8416493140;0.1521557847;
-1.8401270064;0.1523770885;
-1.8386024823;0.1525994085;
-1.8370757315;0.1528227527;
-1.8355467436;0.1530471287;
-1.8340155084;0.1532725446;
-1.8324820154;0.1534990084;
-1.8309462541;0.1537265280;
-1.8294082140;0.1539551117;
-1.8278678843;0.1541847678;
-1.8263252543;0.1544155045;
-1.8247803131;0.1546473303;
-1.8232330500;0.1548802538;
-1.8216834537;0.1551142835;
-1.8201315133;0.1553494281;
-1.8185772176;0.1555856966;
-1.8170205552;0.1558230977;
-1.8154615149;0.1560616405;
-1.8139000852;0.1563013340;
-1.8123362545;0.1565421876;
-1.8107700112;0.1567842103;
-1.8092013436;0.1570274118;
-1.8076302399;0.1572718014;
-1.8060566882;0.1575173888;
-1.8044806764;0.1577641837;
-1.8029021924;0.1580121960;
-1.8013212240;0.1582614355;
-1.7997377590;0.1585119123;
-1.7981517848;0.1587636367;
-1.7965632891;0.1590166188;
-1.7949722591;0.1592708691;
-1.7933786822;0.1595263981;
-1.7917825455;0.1597832164;
-1.7901838362;0.1600413348;
-1.7885825411;0.1603007641;
-1.7869786471;0.1605615155;
-1.7853721409;0.1608235999;
-1.7837630093;0.1610870287;
-1.7821512386;0.1613518133;
-1.7805368154;0.1616179652;
-1.7789197258;0.1618854961;
-1.7772999562;0.1621544177;
-1.7756774924;0.1624247421;
-1.7740523204;0.1626964812;
-1.7724244261;0.1629696474;
-1.7707937951;0.1632442529;
-1.7691604131;0.1635203104;
-1.7675242653;0.1637978325;
-1.7658853372;0.1640768319;
-1.7642436139;0.1643573218;
-1.7625990805;0.1646393151;
-1.7609517218;0.1649228253;
-1.7593015228;0.1652078658;
-1.7576484679;0.1654944501;
-1.7559925418;0.1657825921;
-1.7543337288;0.1660723057;
-1.7526720131;0.1663636051;
-1.7510073788;0.1666565045;
-1.7493398099;0.1669510185;
-1.7476692902;0.1672471617;
-1.7459958034;0.1675449489;
-1.7443193329;0.1678443952;
-1.7426398620;0.1681455158;
-1.7409573741;0.1684483261;
-1.7392718521;0.1687528417;
-1.7375832789;0.1690590784;
-1.7358916374;0.1693670522;
-1.7341969099;0.1696767794;
-1.7324990790;0.1699882763;
-1.7307981269;0.1703015596;
-1.7290940356;0.1706166461;
-1.7273867872;0.1709335529;
-1.7256763632;0.1712522973;
-1.7239627453;0.1715728967;
-1.7222459149;0.1718953690;
-1.7205258531;0.1722197321;
-1.7188025410;0.1725460041;
-1.7170759594;0.1728742037;
-1.7153460890;0.1732043493;
-1.7136129103;0.1735364601;
-1.7118764036;0.1738705551;
-1.7101365488;0.1742066539;
-1.7083933260;0.1745447762;
-1.7066467148;0.1748849419;
-1.7048966948;0.1752271712;
-1.7031432451;0.1755714848;
-1.7013863449;0.1759179035;
-1.6996259730;0.1762664482;
-1.6978621082;0.1766171404;
-1.6960947288;0.1769700019;
-1.6943238132;0.1773250545;
-1.6925493392;0.1776823205;
-1.6907712847;0.1780418225;
-1.6889896273;0.1784035835;
-1.6872043442;0.1787676267;
-1.6854154126;0.1791339756;
-1.6836228093;0.1795026542;
-1.6818265110;0.1798736866;
-1.6800264940;0.1802470974;
-1.6782227344;0.1806229115;
-1.6764152081;0.1810011543;
-1.6746038908;0.1813818514;
-1.6727887577;0.1817650288;
-1.6709697841;0.1821507129;
-1.6691469447;0.1825389305;
-1.6673202141;0.1829297087;
-1.6654895666;0.1833230752;
-1.6636549762;0.1837190579;
-1.6618164166;0.1841176851;
-1.6599738614;0.1845189857;
-1.6581272836;0.1849229890;
-1.6562766561;0.1853297246;
-1.6544219516;0.1857392226;
-1.6525631421;0.1861515136;
-1.6507001999;0.1865666287;
-1.6488330963;0.1869845993;
-1.6469618029;0.1874054575;
-1.6450862906;0.1878292357;
-1.6432065300;0.1882559668;
-1.6413224916;0.1886856845;
-1.6394341453;0.1891184226;
-1.6375414608;0.1895542158;
-1.6356444074;0.1899930990;
-1.6337429542;0.1904351079;
-1.6318370696;0.1908802787;
-1.6299267221;0.1913286481;
-1.6280118793;0.1917802535;
-1.6260925089;0.1922351327;
-1.6241685780;0.1926933244;
-1.6222400532;0.1931548676;
-1.6203069010;0.1936198021;
-1.6183690873;0.1940881683;
-1.6164265776;0.1945600074;
-1.6144793370;0.1950353611;
-1.6125273302;0.1955142717;
-1.6105705216;0.1959967825;
-1.6086088749;0.1964829372;
-1.6066423535;0.1969727805;
-1.6046709204;0.1974663575;
-1.6026945381;0.1979637145;
-1.6007131686;0.1984648981;
-1.5987267734;0.1989699561;
-1.5967353137;0.1994789369;
-1.5947387501;0.1999918896;
-1.5927370426;0.2005088645;
-1.5907301508;0.2010299123;
-1.5887180338;0.2015550851;
-1.5867006502;0.2020844354;
-1.5846779580;0.2026180170;
-1.5826499147;0.2031558843;
-1.5806164772;0.2036980929;
-1.5785776019;0.2042446993;
-1.5765332447;0.2047957610;
-1.5744833606;0.2053513365;
-1.5724279045;0.2059114854;
-1.5703668303;0.2064762682;
-1.5683000914;0.2070457467;
-1.5662276407;0.2076199837;
-1.5641494304;0.2081990431;
-1.5620654120;0.2087829902;
-1.5599755364;0.2093718911;
-1.5578797537;0.2099658134;
-1.5557780135;0.2105648260;
-1.5536702647;0.2111689987;
-1.5515564554;0.2117784031;
-1.5494365330;0.2123931118;
-1.5473104442;0.2130131988;
-1.5451781349;0.2136387396;
-1.5430395504;0.2142698111;
-1.5408946349;0.2149064915;
-1.5387433321;0.2155488609;
-1.5365855849;0.2161970005;
-1.5344213352;0.2168509932;
-1.5322505242;0.2175109238;
-1.5300730921;0.2181768782;
-1.5278889785;0.2188489445;
-1.5256981218;0.2195272123;
-1.5235004598;0.2202117729;
-1.5212959290;0.2209027197;
-1.5190844654;0.2216001475;
-1.5168660037;0.2223041535;
-1.5146404778;0.2230148366;
-1.5124078206;0.2237322976;
-1.5101679638;0.2244566397;
-1.5079208384;0.2251879678;
-1.5056663739;0.2259263892;
-1.5034044991;0.2266720135;
-1.5011351416;0.2274249523;
-1.4988582277;0.2281853197;
-1.4965736827;0.2289532322;
-1.4942814308;0.2297288087;
-1.4919813949;0.2305121706;
-1.4896734965;0.2313034419;
-1.4873576563;0.2321027494;
-1.4850337932;0.2329102224;
-1.4827018252;0.2337259931;
-1.4803616687;0.2345501964;
-1.4780132390;0.2353829706;
-1.4756564498;0.2362244565;
-1.4732912134;0.2370747983;
-1.4709174407;0.2379341434;
-1.4685350412;0.2388026423;
-1.4661439226;0.2396804490;
-1.4637439914;0.2405677211;
-1.4613351522;0.2414646194;
-1.4589173082;0.2423713088;
-1.4564903608;0.2432879576;
-1.4540542098;0.2442147382;
-1.4516087532;0.2451518268;
-1.4491538872;0.2460994039;
-1.4466895063;0.2470576542;
-1.4442155030;0.2480267665;
-1.4417317679;0.2490069343;
-1.4392381897;0.2499983555;
-1.4367346552;0.2510012331;
-1.4342210489;0.2520157745;
-1.4316972535;0.2530421923;
-1.4291631493;0.2540807045;
-1.4266186146;0.2551315341;
-1.4240635252;0.2561949097;
-1.4214977548;0.2572710656;
-1.4189211748;0.2583602417;
-1.4163336540;0.2594626843;
-1.4137350586;0.2605786454;
-1.4111252527;0.2617083837;
-1.4085040973;0.2628521644;
-1.4058714510;0.2640102594;
-1.4032271696;0.2651829478;
-1.4005711061;0.2663705156;
-1.3979031105;0.2675732565;
-1.3952230299;0.2687914718;
-1.3925307084;0.2700254707;
-1.3898259870;0.2712755705;
-1.3871087033;0.2725420973;
-1.3843786919;0.2738253855;
-1.3816357837;0.2751257788;
-1.3788798064;0.2764436300;
-1.3761105839;0.2777793019;
-1.3733279367;0.2791331668;
-1.3705316812;0.2805056076;
-1.3677216302;0.2818970178;
-1.3648975925;0.2833078017;
-1.3620593727;0.2847383753;
-1.3592067712;0.2861891660;
-1.3563395841;0.2876606137;
-1.3534576032;0.2891531708;
-1.3505606154;0.2906673027;
-1.3476484032;0.2922034884;
-1.3447207441;0.2937622208;
-1.3417774106;0.2953440074;
-1.3388181701;0.2969493706;
-1.3358427849;0.2985788485;
-1.3328510114;0.3002329952;
-1.3298426009;0.3019123817;
-1.3268172986;0.3036175962;
-1.3237748438;0.3053492449;
-1.3207149697;0.3071079527;
-1.3176374031;0.3088943639;
-1.3145418645;0.3107091428;
-1.3114280674;0.3125529748;
-1.3082957185;0.3144265666;
-1.3051445173;0.3163306477;
-1.3019741559;0.3182659709;
-1.2987843187;0.3202333133;
-1.2955746825;0.3222334773;
-1.2923449157;0.3242672913;
-1.2890946783;0.3263356114;
-1.2858236218;0.3284393218;
-1.2825313886;0.3305793365;
-1.2792176119;0.3327566001;
-1.2758819152;0.3349720891;
-1.2725239124;0.3372268137;
-1.2691432067;0.3395218185;
-1.2657393910;0.3418581844;
-1.2623120473;0.3442370300;
-1.2588607461;0.3466595134;
-1.2553850460;0.3491268332;
-1.2518844938;0.3516402314;
-1.2483586235;0.3542009940;
-1.2448069559;0.3568104540;
-1.2412289985;0.3594699928;
-1.2376242447;0.3621810424;
-1.2339921733;0.3649450883;
-1.2303322481;0.3677636708;
-1.2266439171;0.3706383886;
-1.2229266123;0.3735709006;
-1.2191797485;0.3765629293;
-1.2154027234;0.3796162632;
-1.2115949162;0.3827327602;
-1.2077556873;0.3859143510;
-1.2038843776;0.3891630420;
-1.1999803074;0.3924809195;
-1.1960427758;0.3958701531;
-1.1920710600;0.3993329999;
-1.1880644140;0.4028718090;
-1.1840220682;0.4064890256;
-1.1799432277;0.4101871958;
-1.1758270721;0.4139689720;
-1.1716727537;0.4178371179;
-1.1674793967;0.4217945144;
-1.1632460962;0.4258441651;
-1.1589719163;0.4299892033;
-1.1546558895;0.4342328982;
-1.1502970148;0.4385786621;
-1.1458942564;0.4430300582;
-1.1414465425;0.4475908083;
-1.1369527628;0.4522648014;
-1.1324117678;0.4570561029;
-1.1278223663;0.4619689639;
-1.1231833238;0.4670078316;
-1.1184933603;0.4721773600;
-1.1137511484;0.4774824216;
-1.1089553110;0.4829281197;
-1.1041044186;0.4885198012;
-1.0991969875;0.4942630709;
-1.0942314763;0.5001638061;
-1.0892062839;0.5062281726;
-1.0841197458;0.5124626417;
-1.0789701317;0.5188740079;
-1.0737556416;0.5254694087;
-1.0684744024;0.5322563448;
-1.0631244645;0.5392427025;
-1.0577037974;0.5464367770;
-1.0522102855;0.5538472978;
-1.0466417243;0.5614834559;
-1.0409958146;0.5693549327;
-1.0352701583;0.5774719307;
-1.0294622527;0.5858452075;
-1.0235694846;0.5944861113;
-1.0175891248;0.6034066191;
-1.0115183207;0.6126193784;
-1.0053540905;0.6221377515;
-0.9990933146;0.6319758631;
-0.9927327289;0.6421486518;
-0.9862689156;0.6526719256;
-0.9796982944;0.6635624213;
-0.9730171131;0.6748378690;
-0.9662214371;0.6865170613;
-0.9593071386;0.6986199285;
-0.9522698848;0.7111676190;
-0.9451051249;0.7241825868;
-0.9378080772;0.7376886859;
-0.9303737143;0.7517112724;
-0.9227967474;0.7662773152;
-0.9150716098;0.7814155148;
-0.9071924388;0.7971564339;
-0.8991530565;0.8135326369;
-0.8909469491;0.8305788422;
-0.8825672441;0.8483320876;
-0.8740066869;0.8668319086;
-0.8652576142;0.8861205334;
-0.8563119264;0.9062430931;
-0.8471610576;0.9272478510;
-0.8377959424;0.9491864511;
-0.8282069813;0.9721141886;
-0.8183840026;0.9960903027;
-0.8083162213;1.0211782958;
-0.7979921948;1.0474462795;
-0.7873997747;1.0749673506;
-0.7765260554;1.1038199990;
-0.7653573177;1.1340885505;
-0.7538789679;1.1658636472;
-0.7420754724;1.1992427668;
-0.7299302864;1.2343307859;
-0.7174257771;1.2712405876;
-0.7045431402;1.3100937171;
-0.6912623103;1.3510210879;
-0.6775618634;1.3941637382;
-0.6634189118;1.4396736421;
-0.6488089911;1.4877145715;
-0.6337059378;1.5384630115;
-0.6180817584;1.5921091229;
-0.6019064880;1.6488577482;
-0.5851480400;1.7089294516;
-0.5677720442;1.7725615797;
-0.5497416762;1.8400093232;
-0.5310174760;1.9115467554;
-0.5115571571;1.9874678087;
-0.4913154074;2.0680871444;
-0.4702436839;2.1537408498;
-0.4482900017;2.2447868818;
-0.4253987235;2.3416051492;
-0.4015103517;2.4445970972;
-0.3765613315;2.5541846186;
-0.3504838714;2.6708080731;
-0.3232057948;2.7949231396;
-0.2946504336;2.9269961602;
-0.2647365851;3.0674975616;
-0.2333785526;3.2168928490;
-0.2004862999;3.3756305760;
-0.1659657529;3.5441265895;
-0.1297192921;3.7227437563;
-0.0916464855;3.9117662925;
-0.0516451200;4.1113677747;
-0.0096125994;4.3215719296;
0.0345522190;4.5422054241;
0.0809466718;4.7728421620;
0.1296613452;5.0127391031;
0.1807764720;5.2607644265;
0.2343576243;5.5153200412;
0.2904506922;5.7742620486;
0.3490761901;6.0348247853;
0.4102230122;6.2935564302;
0.4738418500;6.5462766080;
0.5398386005;6.7880685506;
0.6080682107;7.0133195718;
0.6783295098;7.2158231216;
0.7503616528;7.3889527632;
0.8238428063;7.5259125430;
0.8983916322;7.6200594619;
0.9735719509;7.6652829253;
1.0489007103;7.6564148694;
